Player,Team,Age,Height,Weight,College,Country,Draft Year,Draft Round,Draft Number,Games Played,Points per Game,Rebounds per Game,Assists,Net Rating,Offensive Rebound %,Defensive Rebound %,Usage %,True Shooting %,Assist %
AJ Hammons,DAL,24,Jul-00,260,Purdue,USA,2016,2,46,17,1.4,1.2,0.1,17.6,6.60%,21.70%,16.30%,45.50%,3.70%
Aaron Brooks,IND,32,Jun-00,161,Oregon,USA,2007,1,26,45,5.3,1.1,2.2,-2.1,2.20%,6.60%,19.40%,50.40%,23.50%
Aaron Gordon,ORL,21,9-Jun,220,Arizona,USA,2014,1,4,53,11.3,4.6,1.9,-4,5.20%,13.60%,19.80%,50.10%,10.30%
Aaron Harrison,CHA,22,6-Jun,210,Kentucky,USA,Undrafted,Undrafted,Undrafted,5,0.2,0.6,0.6,-18.6,0.00%,20.00%,14.20%,10.20%,37.50%
Adreian Payne,MIN,25,10-Jun,237,Michigan State,USA,2014,1,15,12,4,1.7,0.3,-13,7.10%,18.20%,25.40%,52.60%,8.30%
Al Horford,BOS,30,10-Jun,245,Florida,Dominican Republic,2007,1,3,39,15.1,6.8,5.3,5,5.00%,17.90%,21.10%,54.10%,24.20%
Al Jefferson,IND,32,10-Jun,289,None,USA,2004,1,15,51,8.8,4.2,0.9,-8.4,8.80%,23.50%,26.30%,53.30%,11.20%
Al-Farouq Aminu,POR,26,9-Jun,220,Wake Forest,USA,2010,1,8,34,7.5,7.1,2.1,3.1,4.50%,22.60%,15.30%,45.30%,10.50%
Alan Anderson,LAC,34,6-Jun,220,Michigan State,USA,Undrafted,Undrafted,Undrafted,19,3.2,1,0.5,-8.2,1.50%,8.00%,14.60%,46.60%,5.90%
Alan Williams,PHX,24,8-Jun,260,California-Santa Barbara,USA,Undrafted,Undrafted,Undrafted,19,2.8,2.7,0.1,12.1,20.20%,24.80%,20.00%,55.00%,1.20%
Alec Burks,UTA,25,6-Jun,214,Colorado,USA,2011,1,12,16,6.6,1.6,0.6,7.3,2.10%,11.50%,22.40%,55.00%,7.30%
Alex Abrines,OKC,23,6-Jun,190,None,Spain,2013,2,32,42,5.5,1.1,0.5,-6.9,2.30%,6.90%,16.30%,56.80%,5.00%
Alex Len,PHX,23,1-Jul,260,Maryland,Ukraine,2013,1,5,50,7.2,6.3,0.5,-10.5,10.20%,25.60%,16.60%,55.20%,4.10%
Alexis Ajinca,NOP,28,2-Jul,248,None,France,2008,1,20,21,4.3,4.3,0.3,-12.8,7.90%,23.50%,16.00%,48.80%,3.60%
Allen Crabbe,POR,24,6-Jun,215,California,USA,2013,2,31,52,10.7,2.8,1.3,-5.6,1.00%,10.10%,14.90%,59.90%,6.90%
Alonzo Gee,DEN,29,6-Jun,225,Alabama,USA,Undrafted,Undrafted,Undrafted,13,0.8,1.1,0.5,1.4,4.60%,12.50%,10.80%,30.60%,9.20%
Amir Johnson,BOS,29,9-Jun,240,None,USA,2005,2,56,50,6.4,4.5,1.7,6,8.90%,16.40%,13.70%,61.20%,12.30%
Anderson Varejao,GSW,34,11-Jun,273,None,Brazil,2004,2,30,14,1.3,1.9,0.7,-8.4,13.30%,18.80%,12.40%,47.80%,15.20%
Andre Drummond,DET,23,11-Jun,279,Connecticut,USA,2012,1,9,51,14.6,13.7,1.1,-5.2,13.70%,37.20%,23.20%,53.20%,5.80%
Andre Iguodala,GSW,33,6-Jun,215,Arizona,USA,2004,1,9,49,6,3.9,3.4,11.5,3.20%,13.10%,9.90%,57.90%,16.50%
Andre Roberson,OKC,25,7-Jun,210,Colorado,USA,2013,1,26,53,6.6,5.1,1,2.3,3.90%,13.70%,10.30%,49.20%,4.60%
Andrew Bogut,DAL,32,Jul-00,260,Utah,Australia,2005,1,1,25,3,8.4,1.9,-1.3,9.90%,32.20%,10.40%,45.80%,13.30%
Andrew Harrison,MEM,22,6-Jun,213,Kentucky,USA,2015,2,44,51,6.4,2,3.1,-0.3,1.80%,8.60%,16.20%,46.90%,21.10%
Andrew Nicholson,WAS,27,9-Jun,250,St. Bonaventure,Canada,2012,1,19,27,2.6,1.3,0.3,-12.6,5.40%,12.00%,18.10%,43.10%,4.90%
Andrew Wiggins,MIN,21,8-Jun,199,Kansas,Canada,2014,1,1,52,22.2,4.1,2.4,-1.1,3.70%,9.30%,27.50%,53.00%,10.80%
Anthony Bennett,BKN,23,8-Jun,235,Nevada-Las Vegas,Canada,2013,1,1,23,5,3.4,0.5,-10.6,10.40%,20.70%,19.10%,53.30%,7.50%
Anthony Brown,ORL,24,7-Jun,211,Stanford,USA,2015,2,34,11,3.9,3,0.7,1.3,4.80%,16.30%,15.80%,43.00%,8.00%
Anthony Davis,NOP,23,11-Jun,253,Kentucky,USA,2012,1,1,48,27.9,12.1,2.2,0.5,6.70%,27.80%,32.90%,57.80%,11.60%
Anthony Morrow,OKC,31,5-Jun,210,Georgia Tech,USA,Undrafted,Undrafted,Undrafted,36,5.8,0.7,0.5,-5.5,1.80%,3.00%,15.80%,49.90%,4.70%
Anthony Tolliver,SAC,31,8-Jun,240,Creighton,USA,Undrafted,Undrafted,Undrafted,40,7,3.7,1,-5,5.20%,14.20%,12.70%,62.00%,6.10%
Archie Goodwin,NOP,22,5-Jun,205,Kentucky,USA,2013,1,29,3,5,0,0.3,-0.8,0.00%,0.00%,14.20%,79.80%,4.00%
Arinze Onuaku,ORL,29,9-Jun,255,Syracuse,USA,Undrafted,Undrafted,Undrafted,8,0.5,0.8,0.3,-30.5,6.90%,21.10%,10.30%,50.00%,14.30%
Aron Baynes,DET,30,10-Jun,260,Washington State,Australia,Undrafted,Undrafted,Undrafted,49,4.6,3.9,0.3,4.1,9.30%,19.10%,14.00%,56.80%,3.10%
Arron Afflalo,SAC,31,5-Jun,210,UCLA,USA,2007,1,27,44,7.8,1.9,1.2,-7.2,0.90%,8.20%,14.20%,54.90%,7.30%
Austin Rivers,LAC,24,4-Jun,200,Duke,USA,2012,1,10,50,12.1,2.1,2.8,-1.3,1.30%,7.00%,20.20%,54.40%,15.90%
Avery Bradley,BOS,26,2-Jun,180,Texas,USA,2010,1,19,36,17.7,6.9,2.4,-0.1,3.60%,18.50%,22.40%,56.10%,11.20%
Ben McLemore,SAC,23,5-Jun,195,Kansas,USA,2013,1,7,37,5.5,1.2,0.8,-9.7,1.60%,7.30%,18.70%,48.40%,7.30%
Beno Udrih,DET,34,3-Jun,205,None,Slovenia,2004,1,28,29,5.9,1.3,3.1,2.4,1.40%,9.10%,19.90%,53.30%,33.60%
Bismack Biyombo,ORL,24,9-Jun,255,None,Democratic Republic of the Congo,2011,1,7,52,6,7.3,1,-7.5,8.60%,25.10%,13.20%,53.10%,6.30%
Blake Griffin,LAC,27,10-Jun,251,Oklahoma,USA,2009,1,1,32,21.6,8.8,4.8,9.9,7.50%,21.90%,28.90%,55.50%,24.10%
Boban Marjanovic,DET,28,3-Jul,290,None,Serbia,Undrafted,Undrafted,Undrafted,21,3.9,3.2,0.1,-1.8,18.40%,29.50%,24.70%,52.70%,3.90%
Bobby Brown,HOU,32,2-Jun,175,Cal State-Fullerton,USA,Undrafted,Undrafted,Undrafted,15,1.2,0.3,0.1,-38.7,0.00%,10.90%,29.10%,33.30%,4.50%
Bobby Portis,CHI,21,11-Jun,246,Arkansas,USA,2015,1,22,34,4,3.3,0.5,-3.9,9.80%,21.00%,16.50%,52.00%,7.60%
Bojan Bogdanovic,BKN,27,8-Jun,225,None,Croatia,2011,2,31,50,14.1,3.4,1.6,-10.6,1.60%,11.90%,22.60%,57.40%,10.10%
Boris Diaw,UTA,34,8-Jun,250,None,France,2003,1,21,43,4.9,2,2.2,6.8,3.60%,9.00%,16.00%,50.00%,19.00%
Bradley Beal,WAS,23,5-Jun,207,Florida,USA,2012,1,3,47,22.2,2.9,3.7,7.4,1.90%,7.40%,26.30%,59.30%,16.50%
Brandan Wright,MEM,29,10-Jun,210,North Carolina,USA,2007,1,8,4,5.3,3.3,0,4.3,16.30%,12.20%,19.00%,58.70%,0.00%
Brandon Bass,LAC,31,8-Jun,250,Louisiana State,USA,2005,2,33,35,5.7,2.4,0.5,-11.4,7.40%,15.30%,19.10%,66.40%,7.70%
Brandon Ingram,LAL,19,9-Jun,190,Duke,USA,2016,1,2,54,8.1,4.1,1.9,-6.7,2.80%,13.80%,15.80%,45.20%,10.10%
Brandon Jennings,NYK,27,1-Jun,170,None,USA,2009,1,10,53,9,2.7,5,-4.2,1.50%,10.00%,18.10%,51.60%,28.90%
Brandon Knight,PHX,25,3-Jun,195,Kentucky,USA,2011,1,8,49,11.2,2.3,2.4,-12,2.20%,9.70%,25.70%,50.20%,19.70%
Brandon Rush,MIN,31,6-Jun,225,Kansas,USA,2008,1,13,18,3.3,1.6,0.7,0,3.00%,7.90%,10.90%,52.90%,6.80%
Brian Roberts,CHA,31,1-Jun,173,Dayton,USA,Undrafted,Undrafted,Undrafted,15,2.3,0.7,1.1,-12.7,2.00%,9.30%,19.50%,50.30%,30.80%
Brook Lopez,BKN,28,Jul-00,268,Stanford,USA,2008,1,10,46,20.3,5.2,2.5,-6.6,5.90%,12.30%,29.20%,57.70%,15.90%
Bruno Caboclo,TOR,21,9-Jun,205,None,Brazil,2014,1,20,8,0.4,0.8,0.4,15,10.30%,14.30%,12.10%,30.00%,18.80%
Bryn Forbes,SAS,23,3-Jun,190,Michigan State,USA,Undrafted,Undrafted,Undrafted,19,1.3,0.4,0.2,-17.4,1.10%,8.00%,13.80%,44.00%,5.80%
Buddy Hield,NOP,23,4-Jun,214,Oklahoma,Bahamas,2016,1,6,52,8.6,2.9,1.3,-7.5,1.80%,13.60%,20.50%,49.30%,10.30%
CJ McCollum,POR,25,3-Jun,190,Lehigh,USA,2013,1,10,52,23.4,3.7,3.6,-0.6,2.50%,9.40%,27.90%,59.50%,18.20%
CJ Miles,IND,29,6-Jun,225,None,USA,2005,2,34,45,10.6,3,0.6,3.5,1.60%,13.20%,18.60%,58.20%,4.20%
CJ Watson,ORL,32,2-Jun,175,Tennessee,USA,Undrafted,Undrafted,Undrafted,41,4.4,1.5,1.7,-5.6,1.60%,8.50%,13.20%,51.80%,15.90%
CJ Wilcox,ORL,26,5-Jun,195,Washington,USA,2014,1,28,16,0.9,0.6,0.6,-8.6,2.40%,11.10%,12.60%,39.10%,18.40%
Cameron Payne,OKC,22,3-Jun,185,Murray State,USA,2015,1,14,16,4.9,1.5,2,-11.2,0.80%,9.30%,18.80%,38.40%,20.40%
Caris LeVert,BKN,22,7-Jun,203,Michigan,USA,2016,1,20,28,7.1,2.8,1.9,-3.3,1.70%,12.70%,16.00%,54.80%,13.70%
Carmelo Anthony,NYK,32,8-Jun,240,Syracuse,USA,2003,1,3,52,22.9,6,2.9,-4.9,2.60%,16.80%,29.70%,53.70%,14.90%
Chandler Parsons,MEM,28,10-Jun,230,Florida,USA,2011,2,38,24,6.5,2.3,1.4,-0.1,0.70%,13.70%,19.50%,44.40%,11.30%
Channing Frye,CLE,33,11-Jun,255,Arizona,USA,2005,1,8,43,9.2,3.5,0.7,-4.1,3.60%,17.60%,19.90%,60.30%,5.70%
Chasson Randle,PHI,24,2-Jun,185,Stanford,USA,Undrafted,Undrafted,Undrafted,8,5.3,0.6,0.8,-8.9,0.00%,6.50%,19.90%,67.10%,13.60%
Cheick Diallo,NOP,20,9-Jun,220,Kansas,Mali,2016,2,33,9,4.6,3.6,0.3,-8,11.20%,25.00%,20.20%,47.20%,5.40%
Chinanu Onuaku,HOU,20,10-Jun,245,Louisville,USA,2016,2,37,2,3,1.5,0.5,-51.9,8.30%,28.60%,10.90%,104.20%,20.00%
Chris Andersen,CLE,38,10-Jun,245,Blinn,USA,Undrafted,Undrafted,Undrafted,12,2.3,2.6,0.4,4.3,9.80%,19.10%,13.60%,49.70%,6.30%
Chris McCullough,BKN,22,9-Jun,215,Syracuse,USA,2015,1,29,13,2.7,1.3,0.2,29.4,14.10%,11.10%,20.20%,54.10%,4.10%
Chris Paul,LAC,31,Jun-00,175,Wake Forest,USA,2005,1,4,36,17.5,5.3,9.7,15.9,2.60%,15.80%,23.60%,61.10%,47.20%
Christian Wood,CHA,21,11-Jun,220,Nevada-Las Vegas,USA,Undrafted,Undrafted,Undrafted,3,1.3,2,0.3,15.1,0.00%,31.60%,10.70%,51.50%,9.10%
Clint Capela,HOU,22,10-Jun,240,None,Switzerland,2014,1,25,39,11.9,7.6,0.9,1.7,11.80%,25.50%,20.10%,62.90%,6.10%
Cody Zeller,CHA,24,Jul-00,240,Indiana,USA,2013,1,4,38,10.9,6.6,1.4,8.1,9.40%,17.30%,16.40%,62.40%,8.30%
Cole Aldrich,MIN,28,11-Jun,250,Kansas,USA,2010,1,11,47,1.9,3,0.5,-2,11.50%,25.80%,9.10%,54.80%,7.40%
Corey Brewer,HOU,30,9-Jun,186,Florida,USA,2007,1,7,54,4.1,1.9,1,7.1,2.70%,11.30%,13.60%,48.70%,9.10%
Cory Joseph,TOR,25,3-Jun,190,Texas,Canada,2011,1,29,51,8.7,2.6,2.8,-0.6,2.60%,11.00%,18.40%,51.30%,19.10%
Courtney Lee,NYK,31,5-Jun,200,Western Kentucky,USA,2008,1,22,48,10.2,3.2,1.9,-4.7,2.60%,8.60%,13.70%,55.80%,8.80%
Cristiano Felicio,CHI,24,9-Jun,266,None,Brazil,Undrafted,Undrafted,Undrafted,43,4.6,4.9,0.6,-0.7,14.90%,20.10%,12.60%,60.20%,6.50%
D'Angelo Russell,LAL,20,5-Jun,195,Ohio State,USA,2015,1,2,38,14.5,3.9,4.8,-3.2,2.40%,13.70%,27.50%,50.50%,29.10%
D.J. Augustin,ORL,29,Jun-00,183,Texas,USA,2008,1,9,52,8.6,1.4,3.1,-10.5,0.70%,7.10%,20.10%,53.90%,25.60%
Damian Jones,GSW,21,Jul-00,245,Vanderbilt,USA,2016,1,30,3,1.3,1,0,-31.8,6.70%,11.80%,15.90%,69.40%,0.00%
Damian Lillard,POR,26,3-Jun,195,Weber State,USA,2012,1,6,47,26,4.8,5.8,-1.4,1.80%,13.50%,30.20%,57.90%,26.90%
Damjan Rudez,ORL,30,10-Jun,228,None,Croatia,Undrafted,Undrafted,Undrafted,32,2.1,0.7,0.4,-10.8,2.20%,8.80%,12.90%,53.20%,8.90%
Daniel Ochefu,WAS,23,11-Jun,245,Villanova,USA,Undrafted,Undrafted,Undrafted,13,1.1,1.2,0.2,-22.1,5.00%,33.30%,18.50%,44.10%,7.70%
Danilo Gallinari,DEN,28,10-Jun,225,None,Italy,2008,1,6,44,17.2,4.9,2.2,0,1.80%,14.00%,19.40%,60.30%,9.40%
Danny Green,SAS,29,6-Jun,215,North Carolina,USA,2009,2,46,43,7.6,3.1,1.9,8.9,1.40%,11.40%,13.10%,57.80%,10.00%
Dante Cunningham,NOP,29,8-Jun,230,Villanova,USA,2009,2,33,39,5.9,4.2,0.6,-0.4,3.70%,14.10%,10.90%,52.90%,3.70%
Dante Exum,UTA,21,6-Jun,190,None,Australia,2014,1,5,37,5.9,1.8,1.6,-1.8,2.50%,8.30%,17.50%,50.40%,14.60%
Danuel House,WAS,23,7-Jun,215,Texas A&M,USA,Undrafted,Undrafted,Undrafted,1,0,1,0,0,0.00%,100%,0.00%,0.00%,0.00%
Dario Saric,PHI,22,10-Jun,223,None,,2014,1,12,51,9.9,5.8,1.7,-9.4,6.20%,20.70%,22.20%,47.70%,12.00%
Darrell Arthur,DEN,28,9-Jun,235,Kansas,USA,2008,1,27,26,7.1,2.8,1.1,-0.4,4.60%,15.60%,18.60%,62.80%,11.00%
Darren Collison,SAC,29,Jun-00,175,UCLA,USA,2009,1,21,44,13.1,2,4,-3.8,1.60%,6.40%,19.40%,57.60%,21.50%
Darrun Hilliard,DET,23,6-Jun,205,Villanova,USA,2015,2,38,26,3.4,1,0.9,-3,0.80%,9.80%,19.70%,41.70%,12.40%
David Lee,SAS,33,9-Jun,245,Florida,USA,2005,1,30,50,7.4,5.5,1.6,12,11.50%,21.20%,16.60%,61.60%,13.10%
David West,GSW,36,9-Jun,250,Xavier,USA,2003,1,18,42,4.1,2.7,2.1,10.6,7.00%,18.70%,18.30%,58.20%,24.40%
Davis Bertans,SAS,24,10-Jun,210,None,Latvia,2011,2,42,43,4.2,1.4,0.7,8.8,2.80%,10.80%,14.60%,61.30%,8.90%
DeAndre Jordan,LAC,28,11-Jun,265,Texas A&M,USA,2008,2,35,52,12,13.7,1.2,7.2,13.00%,34.60%,14.90%,66.20%,5.50%
DeAndre Liggins,CLE,28,6-Jun,209,Kentucky,USA,2011,2,53,41,2.8,1.7,1,4.4,2.20%,10.10%,11.10%,47.00%,8.90%
DeAndre' Bembry,ATL,22,6-Jun,210,Saint Joseph's,USA,2016,1,21,22,2.8,1.5,0.6,-7.4,3.30%,13.80%,15.40%,45.50%,10.40%
DeMar DeRozan,TOR,27,7-Jun,220,Southern California,USA,2009,1,9,46,27.8,5.3,3.8,3.9,3.10%,13.70%,34.10%,55.50%,20.10%
DeMarcus Cousins,SAC,26,11-Jun,270,Kentucky,USA,2010,1,5,51,27.9,10.7,4.7,-2.3,7.40%,29.50%,37.40%,56.10%,26.80%
DeMarre Carroll,TOR,30,8-Jun,212,Missouri,USA,2009,1,27,48,9.5,3.8,0.9,4.7,3.80%,12.40%,16.20%,53.20%,4.70%
Dejounte Murray,SAS,20,5-Jun,170,Washington,USA,2016,1,29,29,3.8,0.9,1.1,2.6,2.10%,10.20%,26.80%,51.90%,21.80%
Demetrius Jackson,BOS,22,1-Jun,201,Notre Dame,USA,2016,2,45,4,2.5,1,0.8,6.3,9.10%,11.80%,17.20%,75.30%,30.00%
Dennis Schroder,ATL,23,1-Jun,172,None,Germany,2013,1,17,52,17.3,2.8,6.3,-2.5,1.80%,8.20%,27.20%,54.20%,34.10%
Denzel Valentine,CHI,23,6-Jun,212,Michigan State,USA,2016,1,14,27,3.3,1.6,0.6,-0.8,0.70%,14.20%,16.10%,44.80%,8.40%
Deron Williams,DAL,32,3-Jun,200,Illinois,USA,2005,1,3,37,13.5,2.7,7.1,-2.7,1.30%,9.80%,23.90%,53.50%,39.20%
Derrick Favors,UTA,25,10-Jun,265,Georgia Tech,USA,2010,1,3,35,9.4,6.1,1,4.5,8.30%,21.50%,21.80%,50.20%,7.50%
"Derrick Jones, Jr.",PHX,19,7-Jun,190,Nevada-Las Vegas,USA,Undrafted,Undrafted,Undrafted,4,0.8,0,0,21,0.00%,0.00%,4.20%,104.20%,0.00%
Derrick Rose,NYK,28,3-Jun,190,Memphis,USA,2008,1,1,44,17.6,3.9,4.4,-3,3.80%,9.20%,26.30%,51.00%,21.80%
Derrick Williams,MIA,25,8-Jun,240,Arizona,USA,2011,1,2,25,5.9,2.9,0.6,-5.3,4.30%,16.90%,20.50%,46.50%,5.80%
Devin Booker,PHX,20,6-Jun,206,Kentucky,USA,2015,1,13,51,21.1,2.8,3.2,-3.9,1.90%,7.20%,27.70%,52.50%,15.40%
Devin Harris,DAL,33,3-Jun,185,Wisconsin,USA,2004,1,5,34,5.6,1.8,1.8,-0.2,1.40%,12.20%,17.60%,52.90%,16.90%
Dewayne Dedmon,SAS,27,Jul-00,245,Southern California,USA,Undrafted,Undrafted,Undrafted,45,4.9,6,0.5,13,11.00%,29.60%,12.50%,63.20%,4.70%
Deyonta Davis,MEM,20,10-Jun,240,Michigan State,USA,2016,2,31,25,1.9,2,0.1,-3,9.90%,19.50%,13.20%,52.60%,2.00%
Diamond Stone,LAC,19,11-Jun,255,Maryland,USA,2016,2,40,5,2,0.8,0,-55.4,4.50%,13.60%,30.10%,39.20%,0.00%
Dion Waiters,MIA,25,4-Jun,220,Syracuse,USA,2012,1,4,32,15.5,3.4,4.2,2.1,1.50%,10.80%,25.80%,49.60%,22.00%
Dirk Nowitzki,DAL,38,Jul-00,245,None,Germany,1998,1,9,25,12.6,5.9,1.4,-4.1,2.20%,24.20%,24.70%,50.20%,9.60%
Domantas Sabonis,OKC,20,11-Jun,240,Gonzaga,USA,2016,1,11,53,6,3.7,1.1,-2,2.70%,16.00%,14.90%,48.10%,7.10%
Donatas Motiejunas,NOP,26,Jul-00,222,None,Lithuania,2011,1,20,15,4.9,2.9,1.2,-11.2,5.20%,18.20%,16.10%,55.80%,11.30%
Dorian Finney-Smith,DAL,23,8-Jun,220,Florida,USA,Undrafted,Undrafted,Undrafted,50,4.7,2.7,0.9,-0.1,3.20%,11.90%,11.10%,53.30%,6.10%
Doug McDermott,CHI,25,8-Jun,219,Creighton,USA,2014,1,11,39,9.9,3.1,1.1,0.1,1.60%,12.20%,17.20%,55.30%,6.70%
Dragan Bender,PHX,19,1-Jul,225,None,Bosnia,2016,1,4,38,3.2,2.2,0.4,0.9,3.70%,15.30%,14.00%,47.40%,5.00%
Draymond Green,GSW,26,7-Jun,230,Michigan State,USA,2012,2,35,48,10.5,8.4,7.4,15.7,5.20%,20.70%,15.60%,53.20%,27.60%
Dwight Howard,ATL,31,11-Jun,265,None,USA,2004,1,1,47,13.7,12.9,1.3,0.6,16.40%,31.20%,18.70%,64.30%,6.90%
Dwight Powell,DAL,25,11-Jun,240,Stanford,Canada,2014,2,45,51,7.3,4.6,0.8,-3.4,8.60%,21.40%,16.00%,59.70%,6.70%
Dwyane Wade,CHI,35,4-Jun,220,Marquette,USA,2003,1,5,47,19.1,4.5,3.9,-0.9,3.70%,12.20%,29.80%,51.00%,22.20%
E'Twaun Moore,NOP,27,4-Jun,191,Purdue,USA,2011,2,55,48,9.7,2.3,2.3,-2.6,2.20%,7.50%,17.60%,54.00%,14.00%
Ed Davis,POR,27,10-Jun,245,North Carolina,USA,2010,1,13,42,4.1,5.1,0.5,-2.4,12.50%,21.30%,11.30%,56.80%,4.50%
Edy Tavares,ATL,24,3-Jul,260,None,Cabo Verde,2014,2,43,1,2,1,0,89.8,0.00%,16.70%,24.20%,53.20%,0.00%
Elfrid Payton,ORL,22,4-Jun,185,Louisiana-Lafayette,USA,2014,1,10,53,12.5,3.9,5.8,-4.6,3.00%,11.60%,21.70%,50.50%,31.10%
Emmanuel Mudiay,DEN,20,5-Jun,200,None,Democratic Republic of the Congo,2015,1,7,44,11.8,3.5,4.2,-6.5,2.30%,11.60%,22.30%,47.20%,21.70%
Enes Kanter,OKC,24,11-Jun,245,Kentucky,Switzerland,2011,1,3,47,14.4,6.7,1,0.1,14.30%,21.00%,26.40%,61.50%,8.30%
Eric Bledsoe,PHX,27,1-Jun,205,Kentucky,USA,2010,1,18,52,21.3,5.1,6.2,-6,2.90%,14.40%,27.70%,56.70%,30.80%
Eric Gordon,HOU,28,4-Jun,215,Indiana,USA,2008,1,7,50,17.3,2.7,2.8,7.7,1.20%,8.20%,23.80%,57.00%,14.70%
Ersan Ilyasova,PHI,29,10-Jun,235,None,Turkey,2005,2,36,51,14.7,6,1.7,-2,5.10%,18.40%,22.80%,56.60%,10.30%
Evan Fournier,ORL,24,7-Jun,205,None,France,2012,1,20,40,16.6,3.2,3.3,-5.8,2.20%,8.50%,23.30%,54.90%,16.80%
Evan Turner,POR,28,7-Jun,220,Ohio State,USA,2010,1,2,49,9.7,3.9,3.4,-6.3,2.30%,14.20%,18.80%,50.10%,20.50%
Frank Kaminsky,CHA,23,Jul-00,240,Wisconsin,USA,2015,1,9,49,10.3,4.2,2,0,3.70%,15.00%,21.20%,49.00%,12.50%
Fred VanVleet,TOR,22,Jun-00,195,Wichita State,USA,Undrafted,Undrafted,Undrafted,21,2.9,0.9,0.9,7.1,2.20%,11.50%,21.20%,45.60%,18.90%
Garrett Temple,SAC,30,6-Jun,195,Louisiana State,USA,Undrafted,Undrafted,Undrafted,49,7.7,2.7,2.2,-3.8,2.40%,9.50%,13.40%,56.10%,12.90%
Gary Harris,DEN,22,4-Jun,210,Michigan State,USA,2014,1,19,27,12.9,3.1,2.7,2,3.40%,9.50%,18.90%,57.50%,13.90%
Gary Neal,ATL,32,4-Jun,210,Towson,USA,Undrafted,Undrafted,Undrafted,2,2,0.5,0.5,-18,0.00%,7.70%,20.10%,22.80%,12.50%
George Hill,UTA,30,3-Jun,188,Indiana Purdue-Indianapolis,USA,2008,1,26,28,17.7,3.6,4.1,13.4,2.20%,10.40%,24.10%,60.40%,22.70%
Georges Niang,IND,23,8-Jun,230,Iowa State,USA,2016,2,50,21,0.9,0.7,0.2,-12.3,2.20%,15.90%,19.20%,27.20%,7.90%
Georgios Papagiannis,SAC,19,1-Jul,240,None,Greece,2016,1,13,2,1,0.5,0,9.7,0.00%,11.10%,11.90%,100%,0.00%
Gerald Green,BOS,31,7-Jun,205,None,USA,2005,1,18,30,4.9,1.9,0.8,-3,3.80%,15.50%,22.60%,47.80%,11.70%
Gerald Henderson,PHI,29,5-Jun,215,Duke,USA,2009,1,12,46,9.7,2.5,1.8,-7,2.00%,9.50%,17.40%,56.30%,12.10%
Giannis Antetokounmpo,MIL,22,11-Jun,222,None,Greece,2013,1,15,49,23.2,8.8,5.5,2.5,6.30%,21.40%,28.40%,60.30%,27.10%
Glenn Robinson,IND,23,6-Jun,222,Michigan,USA,2014,2,40,49,6.3,3.7,0.7,-0.4,4.40%,13.80%,12.70%,54.90%,4.60%
Goran Dragic,MIA,30,3-Jun,190,None,Slovenia,2008,2,45,44,20.1,3.9,6.5,-2,2.40%,10.20%,26.40%,58.30%,31.10%
Gordon Hayward,UTA,26,8-Jun,226,Butler,USA,2010,1,9,45,22.2,5.8,3.5,7.3,2.10%,16.30%,27.40%,60.80%,18.10%
Gorgui Dieng,MIN,27,11-Jun,240,Louisville,Senegal,2013,1,21,52,10.3,7.8,1.9,0.9,8.20%,20.40%,14.70%,56.10%,8.90%
Greg Monroe,MIL,26,11-Jun,265,Georgetown,USA,2010,1,7,49,11.1,6.7,2.1,4.4,11.40%,25.40%,23.90%,56.20%,15.30%
Greivis Vasquez,BKN,30,6-Jun,217,Maryland,Venezuela,2010,1,28,3,2.3,0.7,1.7,-18.7,0.00%,5.10%,11.00%,37.60%,18.50%
Harrison Barnes,DAL,24,8-Jun,225,North Carolina,USA,2012,1,7,51,20.1,5.3,1.5,-1.6,4.10%,14.10%,26.40%,54.00%,7.90%
Hassan Whiteside,MIA,27,Jul-00,265,Marshall,USA,2010,2,33,47,16.9,13.9,0.7,-1,12.20%,34.20%,23.00%,56.70%,3.40%
Henry Ellenson,DET,20,11-Jun,245,Marquette,USA,2016,1,18,14,1.5,0.9,0.3,-15.5,3.80%,18.90%,23.50%,44.80%,12.90%
Hollis Thompson,PHI,25,8-Jun,206,Georgetown,USA,Undrafted,Undrafted,Undrafted,31,5.5,2.7,0.8,-9.1,3.10%,13.30%,14.20%,51.00%,7.30%
Ian Clark,GSW,25,3-Jun,175,Belmont,USA,Undrafted,Undrafted,Undrafted,46,6.5,1.5,1.2,3.2,2.20%,8.40%,19.00%,58.00%,12.80%
Ian Mahinmi,WAS,30,11-Jun,262,None,France,2005,1,28,1,1,1,0,-38.4,0.00%,12.50%,10.50%,26.60%,0.00%
Iman Shumpert,CLE,26,5-Jun,220,Georgia Tech,USA,2011,1,17,49,7.8,3,1.6,2.6,2.70%,10.20%,13.70%,57.20%,8.70%
Isaiah Canaan,CHI,25,Jun-00,201,Murray State,USA,2013,2,34,29,5.6,1.6,1.1,-5.8,1.20%,8.00%,15.40%,49.10%,9.50%
Isaiah Thomas,BOS,28,9-May,185,Washington,USA,2011,2,60,47,29.9,2.7,6.4,3.4,2.00%,6.90%,33.90%,62.70%,32.80%
Isaiah Whitehead,BKN,21,4-Jun,213,Seton Hall,USA,2016,2,42,43,7,2.6,3,-2.8,1.50%,10.20%,18.50%,46.50%,19.10%
Ish Smith,DET,28,Jun-00,175,Wake Forest,USA,Undrafted,Undrafted,Undrafted,51,8.2,2.6,4.9,1.2,1.30%,10.80%,19.00%,47.10%,30.40%
Ivica Zubac,LAL,19,1-Jul,240,None,Bosnia,2016,2,32,19,5.6,3.9,0.5,-9.4,10.40%,22.20%,20.40%,53.30%,6.30%
J.J. Barea,DAL,32,Jun-00,185,Northeastern,Puerto Rico,Undrafted,Undrafted,Undrafted,18,12.2,2.9,4.9,-0.2,1.30%,12.80%,25.50%,53.00%,36.30%
JJ Redick,LAC,32,4-Jun,190,Duke,USA,2006,1,11,49,15.4,2.1,1.3,8.6,0.80%,7.30%,22.00%,59.30%,7.00%
JR Smith,CLE,31,6-Jun,225,None,USA,2004,1,18,21,8.6,2.1,1.2,7.9,1.50%,6.50%,14.50%,48.10%,5.80%
JaMychal Green,MEM,26,9-Jun,227,Alabama,USA,Undrafted,Undrafted,Undrafted,52,9.1,7.3,1.2,1.8,8.70%,20.30%,14.40%,58.10%,6.80%
JaVale McGee,GSW,29,Jul-00,270,Nevada,USA,2008,1,18,46,5.8,2.7,0.2,17.7,13.10%,18.70%,23.60%,65.80%,3.70%
Jabari Parker,MIL,21,8-Jun,250,Duke,USA,2014,1,2,50,20.2,6.3,2.8,-2.2,5.40%,15.20%,25.90%,56.30%,13.60%
Jae Crowder,BOS,26,6-Jun,235,Marquette,USA,2012,2,34,43,14.2,5.4,2.2,8.6,2.10%,16.30%,16.70%,63.90%,9.80%
Jahlil Okafor,PHI,21,11-Jun,275,Duke,USA,2015,1,3,35,11.5,4.8,1.1,-15.5,7.30%,15.70%,23.60%,53.60%,9.00%
Jake Layman,POR,22,9-Jun,210,Maryland,USA,2016,2,47,23,2.3,0.6,0.3,10.5,1.40%,8.20%,20.30%,43.70%,7.50%
Jakob Poeltl,TOR,21,Jul-00,230,Utah,Austria,2016,1,9,28,2.1,2.6,0.2,-7.3,13.40%,16.80%,11.10%,49.60%,2.60%
Jamal Crawford,LAC,36,5-Jun,195,Michigan,USA,2000,1,8,52,12.2,1.7,2.9,-2,0.90%,6.10%,23.10%,50.00%,17.70%
Jamal Murray,DEN,19,4-Jun,207,Kentucky,Canada,2016,1,7,51,8.6,2.6,1.8,-0.2,3.30%,11.00%,20.90%,50.40%,13.40%
Jameer Nelson,DEN,34,Jun-00,190,Saint Joseph's,USA,2004,1,20,51,8.6,2.2,4.5,0,1.60%,8.00%,16.50%,52.60%,25.50%
James Ennis III,MEM,26,7-Jun,210,Long Beach State,USA,2013,2,50,40,7.8,4.4,1.1,2.3,6.20%,13.40%,13.40%,59.80%,6.80%
James Harden,HOU,27,5-Jun,220,Arizona State,USA,2009,1,3,54,28.9,8.2,11.4,6.2,3.60%,21.60%,34.00%,61.40%,50.70%
James Johnson,MIA,29,9-Jun,250,Wake Forest,USA,2009,1,16,47,11.6,4.9,3.3,-0.8,3.70%,17.00%,21.10%,56.90%,20.80%
James Jones,CLE,36,8-Jun,218,Miami (FL),USA,2003,2,49,30,2.9,0.7,0.2,-4.6,1.10%,8.80%,14.20%,72.30%,5.00%
James Michael McAdoo,GSW,24,9-Jun,240,North Carolina,USA,Undrafted,Undrafted,Undrafted,24,2.5,1.6,0.4,-5.5,6.60%,13.80%,14.20%,57.70%,7.90%
James Young,BOS,21,6-Jun,215,Kentucky,USA,2014,1,17,14,1.7,1,0.3,7.1,3.10%,14.10%,11.90%,51.70%,6.80%
Jared Dudley,PHX,31,7-Jun,225,Boston College,USA,2007,1,22,35,7.1,3.3,1.6,-2,2.40%,15.00%,14.00%,61.00%,11.00%
Jared Sullinger,TOR,24,9-Jun,260,Ohio State,USA,2012,1,21,10,3.7,2.5,0.2,-16.3,7.40%,18.60%,19.90%,38.10%,3.40%
Jarell Martin,MEM,22,10-Jun,239,Louisiana State,USA,2015,1,25,40,3.9,3.9,0.2,-2.3,7.30%,24.20%,16.00%,46.90%,2.20%
Jarnell Stokes,DEN,23,9-Jun,255,Tennessee,USA,2014,2,35,2,1.5,1,1,-3.1,11.10%,14.30%,11.10%,79.80%,40.00%
Jason Smith,WAS,30,Jul-00,240,Colorado State,USA,2007,1,20,49,4.7,3.1,0.3,-4.7,8.20%,20.00%,17.20%,56.10%,4.00%
Jason Terry,MIL,39,2-Jun,185,Arizona,USA,1999,1,10,44,3.5,1.2,1.4,5.3,1.40%,6.40%,9.50%,55.30%,10.90%
Jaylen Brown,BOS,20,7-Jun,225,California,USA,2016,1,3,50,5.6,2.4,0.6,-2.2,4.00%,14.50%,18.70%,50.60%,6.70%
Jeff Green,ORL,30,9-Jun,235,Georgetown,USA,2007,1,5,52,9.5,3.1,1.2,-7.2,2.70%,11.50%,20.00%,50.70%,8.30%
Jeff Teague,IND,28,2-Jun,186,Wake Forest,USA,2009,1,19,51,15.8,4.1,8.1,1.9,1.60%,12.20%,22.60%,57.50%,37.10%
Jeff Withey,UTA,26,Jul-00,231,Kansas,USA,2013,2,39,29,2.6,2.3,0.1,-2.2,11.60%,19.60%,12.90%,62.40%,1.30%
Jerami Grant,OKC,22,9-Jun,210,Syracuse,USA,2014,2,39,52,6,2.6,0.5,-7,2.00%,11.70%,12.30%,55.70%,3.50%
Jeremy Lamb,CHA,24,5-Jun,185,Connecticut,USA,2012,1,12,31,9,4.7,1.2,-0.3,2.90%,23.90%,23.50%,52.00%,11.40%
Jeremy Lin,BKN,28,3-Jun,200,Harvard,USA,Undrafted,Undrafted,Undrafted,12,13.9,3.3,5.8,-6.6,0.70%,12.40%,24.90%,56.40%,38.70%
Jerian Grant,CHI,24,4-Jun,198,Notre Dame,USA,2015,1,19,41,5.6,1.5,1.6,3.1,1.90%,9.10%,16.90%,53.80%,14.80%
Jerryd Bayless,PHI,28,3-Jun,200,Arizona,USA,2008,1,11,3,11,4,4.3,-12.9,4.70%,12.70%,28.40%,45.30%,36.10%
Jimmy Butler,CHI,27,7-Jun,231,Marquette,USA,2011,1,30,48,24.6,6.5,4.8,2.9,4.80%,14.30%,27.10%,59.10%,21.60%
Joakim Noah,NYK,31,11-Jun,230,Florida,USA,2007,1,9,46,5,8.7,2.2,-6,16.10%,25.60%,12.50%,49.10%,13.80%
Jodie Meeks,ORL,29,4-Jun,210,Kentucky,USA,2009,2,41,24,8.9,2.3,1.5,-4.2,0.70%,11.80%,18.00%,57.40%,9.70%
Joe Harris,BKN,25,6-Jun,219,Virginia,USA,2014,2,33,43,8.4,3,1.1,-9.3,1.40%,12.00%,16.10%,55.50%,8.00%
Joe Ingles,UTA,29,8-Jun,226,None,Australia,Undrafted,Undrafted,Undrafted,52,6.3,2.8,2.3,4.8,1.10%,13.90%,13.50%,62.50%,16.50%
Joe Johnson,UTA,35,7-Jun,240,Arkansas,USA,2001,1,10,51,8.3,3,1.7,5.5,2.20%,13.00%,18.30%,53.20%,12.30%
Joe Young,IND,24,2-Jun,180,Oregon,USA,2015,2,43,23,2.4,0.6,0.6,-24.8,0.80%,12.30%,25.60%,40.60%,19.40%
Joel Anthony,SAS,34,9-Jun,245,Nevada-Las Vegas,Canada,Undrafted,Undrafted,Undrafted,6,1.7,2,0.2,-12.8,9.30%,18.20%,6.90%,72.70%,3.20%
Joel Bolomboy,UTA,23,9-Jun,235,Weber State,Russia,2016,2,52,9,0.9,1.1,0.1,1.9,5.60%,47.40%,18.70%,59.20%,9.10%
Joel Embiid,PHI,22,Jul-00,250,Kansas,Cameroon,2014,1,3,31,20.2,7.8,2.1,3.2,9.20%,24.70%,36.30%,58.40%,17.40%
Joffrey Lauvergne,OKC,25,11-Jun,220,None,France,2013,2,55,46,5.5,3.7,0.9,-7.5,7.80%,21.40%,18.10%,52.30%,10.10%
John Henson,MIL,26,11-Jun,229,North Carolina,USA,2012,1,14,44,7.2,5.2,1.1,-1.9,8.00%,20.30%,16.60%,55.60%,8.30%
John Jenkins,PHX,25,4-Jun,215,Vanderbilt,USA,2012,1,23,4,1.8,0.3,0.3,21.6,0.00%,11.10%,18.20%,59.50%,8.30%
John Lucas III,MIN,34,11-May,166,Oklahoma State,USA,Undrafted,Undrafted,Undrafted,5,0.4,0,0.2,46.9,0.00%,0.00%,16.60%,25.00%,20.00%
John Wall,WAS,26,4-Jun,210,Kentucky,USA,2010,1,1,49,23,4.4,10.4,5.4,2.70%,10.80%,30.10%,54.40%,43.90%
Johnny O'Bryant III,DEN,23,9-Jun,257,Louisiana State,USA,2014,2,36,3,3,1,0.3,-9.4,0.00%,17.60%,25.90%,50.70%,9.10%
Jon Leuer,DET,27,10-Jun,228,Wisconsin,USA,2011,2,40,46,11,5.8,1.8,2,5.80%,18.10%,17.00%,59.10%,10.10%
Jonas Jerebko,BOS,29,10-Jun,231,None,Sweden,2009,2,39,50,4.4,3.5,0.9,2.9,5.50%,17.40%,11.80%,56.30%,7.80%
Jonas Valanciunas,TOR,24,Jul-00,255,None,Lithuania,2011,1,5,51,12.3,10,0.8,3.8,12.20%,30.00%,19.60%,58.30%,4.40%
Jonathan Gibson,DAL,29,2-Jun,185,New Mexico State,USA,Undrafted,Undrafted,Undrafted,17,6.2,1.3,1.5,-19.6,0.50%,12.10%,25.30%,49.20%,21.50%
Jonathon Simmons,SAS,27,6-Jun,195,Houston,USA,Undrafted,Undrafted,Undrafted,48,6.6,2.3,1.7,12.2,1.90%,11.90%,17.90%,52.40%,13.50%
Jordan Clarkson,LAL,24,5-Jun,194,Missouri,USA,2014,2,46,54,13.8,2.9,2.1,-7.6,2.70%,9.00%,22.80%,52.80%,12.80%
Jordan Farmar,SAC,30,2-Jun,180,UCLA,USA,2006,1,26,2,6,1.5,4.5,-6.4,3.80%,6.10%,19.10%,50.00%,34.60%
Jordan Hill,MIN,29,10-Jun,240,Arizona,USA,2009,1,8,5,2,2.6,0,8.3,21.90%,18.20%,17.60%,42.10%,0.00%
Jordan McRae,CLE,25,5-Jun,179,Tennessee,USA,2014,2,58,32,4.6,1.2,0.5,-9.5,1.40%,11.40%,22.20%,49.20%,8.30%
Jordan Mickey,BOS,22,8-Jun,235,Louisiana State,USA,2015,2,33,14,2.4,1.9,0.4,-20.9,11.30%,17.10%,15.80%,50.90%,7.50%
Jose Calderon,LAL,35,3-Jun,200,None,Spain,Undrafted,Undrafted,Undrafted,23,3.5,1.8,2.1,-24.7,2.80%,13.60%,15.70%,50.80%,26.90%
Josh Huestis,OKC,25,7-Jun,230,Stanford,USA,2014,1,29,1,7,4,1,-25.3,25.00%,40.00%,23.50%,87.50%,25.00%
Josh McRoberts,MIA,29,10-Jun,240,Duke,USA,2007,2,37,22,4.9,3.4,2.3,-9.1,6.40%,15.40%,17.50%,43.90%,20.00%
Josh Richardson,MIA,23,6-Jun,200,Tennessee,USA,2015,2,40,28,11.2,3.3,2.8,-2.9,1.70%,10.30%,18.60%,48.30%,13.90%
Jrue Holiday,NOP,26,4-Jun,205,UCLA,USA,2009,1,17,37,16,3.8,7.4,0.2,2.10%,10.10%,24.50%,53.90%,37.10%
Juan Hernangomez,DEN,21,9-Jun,230,None,Spain,2016,1,15,35,3.6,2.7,0.4,-6.4,6.80%,20.30%,12.80%,58.70%,5.00%
Julius Randle,LAL,22,9-Jun,250,Kentucky,USA,2014,1,7,46,12.8,8.1,3.7,-7.7,6.60%,24.50%,21.70%,53.70%,20.70%
Justin Anderson,DAL,23,6-Jun,228,Virginia,USA,2015,1,21,47,6.7,3,0.6,-9.9,5.90%,20.40%,23.40%,51.80%,8.00%
Justin Hamilton,BKN,26,Jul-00,255,Louisiana State,USA,2012,2,45,44,7,4.5,0.8,-12.5,6.10%,17.90%,15.40%,54.60%,6.50%
Justin Holiday,NYK,27,6-Jun,185,Washington,USA,Undrafted,Undrafted,Undrafted,53,7.5,2.9,1.2,1.1,2.00%,13.70%,16.40%,54.70%,8.50%
Justise Winslow,MIA,20,7-Jun,225,Duke,USA,2015,1,10,18,10.9,5.2,3.7,-0.4,4.00%,12.20%,20.00%,39.70%,15.30%
Jusuf Nurkic,DEN,22,Jul-00,280,None,Bosnia & Herzegovina,2014,1,16,44,8.1,5.8,1.3,-9.8,11.90%,22.40%,22.30%,51.80%,12.40%
KJ McDaniels,HOU,23,6-Jun,205,Clemson,USA,2014,2,32,27,2.7,1,0.1,-3.6,2.30%,13.00%,16.50%,54.20%,2.80%
Karl-Anthony Towns,MIN,21,Jul-00,244,Kentucky,USA,2015,1,1,52,23.3,11.9,3,-2.1,10.90%,27.40%,27.30%,58.70%,14.10%
Kawhi Leonard,SAS,25,7-Jun,230,San Diego State,USA,2011,1,15,46,25.3,5.8,3.3,8.6,4.20%,15.40%,30.60%,61.90%,16.80%
Kay Felder,CLE,21,9-May,176,None,USA,2016,2,54,31,4.7,1.1,1.5,-2.7,1.10%,9.60%,24.50%,48.00%,25.70%
Kelly Olynyk,BOS,25,Jul-00,238,Gonzaga,USA,2013,1,13,44,8.7,4.5,1.9,1.1,4.50%,19.20%,18.10%,59.40%,14.80%
Kelly Oubre Jr.,WAS,21,7-Jun,205,Kansas,USA,2015,1,15,49,6.6,3.5,0.7,2.5,4.30%,14.30%,14.70%,53.40%,4.40%
Kemba Walker,CHA,26,1-Jun,184,Connecticut,USA,2011,1,9,50,22.8,4,5.5,4.1,2.10%,11.00%,29.10%,57.40%,29.40%
Kenneth Faried,DEN,27,8-Jun,228,Morehead State,USA,2011,1,22,46,10.1,8.1,0.9,-3.7,15.90%,24.80%,17.30%,61.10%,6.00%
Kent Bazemore,ATL,27,5-Jun,201,Old Dominion,USA,Undrafted,Undrafted,Undrafted,50,11,3.1,2.6,-1.6,2.30%,9.80%,20.40%,49.00%,14.10%
Kentavious Caldwell-Pope,DET,23,5-Jun,205,Georgia,USA,2013,1,8,47,14.3,3.4,2.9,0,2.60%,8.80%,19.30%,53.90%,12.20%
Kevin Durant,GSW,28,9-Jun,240,Texas,USA,2007,1,2,51,25.8,8.4,4.8,15.3,2.20%,23.00%,27.50%,65.00%,21.10%
Kevin Love,CLE,28,10-Jun,251,UCLA,USA,2008,1,5,43,20.4,11.1,1.9,9.2,9.00%,28.40%,26.30%,58.40%,9.20%
Kevin Seraphin,IND,27,10-Jun,278,Le Moyne,France,2010,1,17,28,3.9,3.1,0.5,-9.9,8.90%,22.60%,17.10%,53.70%,8.70%
Kevon Looney,GSW,21,9-Jun,220,UCLA,USA,2015,1,30,38,2.7,2.5,0.6,2.8,11.40%,19.40%,12.40%,60.70%,9.50%
Klay Thompson,GSW,27,7-Jun,215,Washington State,USA,2011,1,11,50,21.4,3.9,2,15.5,2.40%,9.50%,25.30%,58.00%,8.40%
Kosta Koufos,SAC,27,Jul-00,265,Ohio State,USA,2008,1,23,52,6.3,5.4,0.5,-4.1,9.60%,22.20%,14.40%,60.80%,4.50%
Kris Dunn,MIN,22,4-Jun,205,Providence,USA,2016,1,5,49,3.8,2.2,2.6,-1.6,2.20%,13.90%,15.00%,43.30%,21.80%
Kris Humphries,ATL,32,9-Jun,235,Minnesota,USA,2004,1,14,41,4.7,3.4,0.5,-3,10.20%,23.10%,18.40%,53.80%,7.00%
Kristaps Porzingis,NYK,21,3-Jul,240,None,Latvia,2015,1,4,45,18.4,7.2,1.3,-3.4,5.50%,17.70%,24.10%,54.80%,6.40%
Kyle Anderson,SAS,23,9-Jun,230,UCLA,USA,2014,1,30,46,2.9,2.6,1.1,10.1,3.40%,18.00%,11.10%,52.00%,11.30%
Kyle Korver,CLE,35,7-Jun,212,Creighton,USA,2003,2,51,46,9.5,2.8,1.9,-6.5,0.60%,11.00%,14.50%,59.60%,10.40%
Kyle Lowry,TOR,30,Jun-00,205,Villanova,USA,2006,1,24,52,23,4.8,7,8.9,2.60%,11.80%,25.00%,62.90%,29.40%
Kyle O'Quinn,NYK,26,10-Jun,250,Norfolk State,USA,2012,2,49,51,6.1,5.5,1.2,-5.8,15.00%,25.20%,18.70%,54.70%,12.30%
Kyle Singler,OKC,28,8-Jun,228,Duke,USA,2011,2,33,26,2,1.1,0.2,0.5,1.30%,11.60%,10.60%,47.70%,2.10%
Kyle Wiltjer,HOU,24,10-Jun,240,Gonzaga,USA,Undrafted,Undrafted,Undrafted,9,1.1,0.8,0,-44.3,10.30%,13.30%,19.80%,46.00%,0.00%
Kyrie Irving,CLE,24,3-Jun,193,Duke,Australia,2011,1,1,44,24.2,3.3,5.9,6.4,2.50%,7.70%,29.10%,56.70%,27.80%
LaMarcus Aldridge,SAS,31,11-Jun,260,Texas,USA,2006,1,2,46,17.4,7.2,2.2,6.1,7.90%,17.40%,24.80%,54.60%,11.50%
Lamar Patterson,ATL,25,5-Jun,225,Pittsburgh,USA,2014,2,48,3,2,1.3,0,-0.3,4.80%,15.80%,25.00%,32.20%,0.00%
Lance Stephenson,NOP,26,5-Jun,230,Cincinnati,USA,2010,2,40,6,9.7,3,4.8,-1.5,1.80%,9.70%,18.50%,49.60%,30.50%
Lance Thomas,NYK,28,8-Jun,235,Duke,USA,Undrafted,Undrafted,Undrafted,30,4.8,1.9,0.5,-10.6,3.00%,8.50%,13.50%,48.40%,4.40%
Langston Galloway,NOP,25,2-Jun,200,Saint Joseph's,USA,Undrafted,Undrafted,Undrafted,50,8.7,2.3,1.2,-2.5,2.00%,10.00%,20.10%,50.00%,9.90%
Larry Nance Jr.,LAL,24,9-Jun,230,Wyoming,USA,2015,1,27,35,6.9,5.5,1.4,-3.5,8.80%,19.10%,13.00%,58.60%,9.10%
Lavoy Allen,IND,28,9-Jun,260,Temple,USA,2011,2,50,39,2.2,2.6,1,-8,8.80%,13.70%,9.50%,43.50%,10.10%
LeBron James,CLE,32,8-Jun,250,None,USA,2003,1,1,47,25.9,7.9,8.8,7.1,3.80%,19.30%,29.40%,61.00%,39.80%
Leandro Barbosa,PHX,34,3-Jun,194,None,Brazil,2003,1,28,48,5.6,1.4,1.2,-0.9,1.80%,10.80%,19.90%,53.20%,14.80%
Lou Williams,LAL,30,1-Jun,175,None,USA,2005,2,45,54,18.3,2.4,3.2,-0.8,1.10%,9.60%,29.80%,60.10%,21.20%
Luc Mbah a Moute,LAC,30,8-Jun,230,UCLA,Cameroon,2008,2,37,50,6.2,2.4,0.4,10.2,3.70%,8.00%,12.10%,57.60%,2.30%
Lucas Nogueira,TOR,24,Jul-00,220,None,Brazil,2013,1,16,44,5.4,5.1,0.8,11.9,9.40%,15.90%,9.80%,69.40%,5.10%
Luis Scola,BKN,36,9-Jun,241,None,Argentina,2002,2,55,35,5.3,3.9,0.9,-7.3,11.50%,21.10%,18.90%,55.70%,11.50%
Luke Babbitt,MIA,27,9-Jun,225,Nevada,USA,2010,1,16,43,4.6,2.1,0.4,2.1,1.40%,13.10%,13.80%,51.90%,4.10%
Luol Deng,LAL,31,9-Jun,220,Duke,Great Britain,2004,1,7,50,8.1,5.6,1.4,-5.8,4.60%,17.40%,14.60%,47.80%,7.70%
Malachi Richardson,SAC,21,6-Jun,205,Syracuse,USA,2016,1,22,17,3.5,0.8,0.5,-4,1.80%,8.90%,20.70%,52.60%,8.80%
Malcolm Brogdon,MIL,24,5-Jun,215,Virginia,USA,2016,2,36,50,9.2,2.8,4.2,3.7,2.80%,9.60%,18.00%,53.70%,24.20%
Malcolm Delaney,ATL,27,3-Jun,190,Virginia Tech,USA,Undrafted,Undrafted,Undrafted,52,6.1,1.8,2.8,4.8,0.70%,10.90%,19.20%,48.20%,23.80%
Malik Beasley,DEN,20,5-Jun,196,Florida State,USA,2016,1,19,15,3.2,0.5,0.4,17.7,2.90%,6.30%,25.20%,53.90%,11.80%
Manu Ginobili,SAS,39,6-Jun,205,None,Argentina,1999,2,57,44,8.2,2.4,2.5,11.9,2.10%,12.50%,20.70%,54.50%,19.10%
Marc Gasol,MEM,32,1-Jul,255,None,Spain,2007,2,48,51,20.9,6.1,4.2,2.3,2.50%,18.30%,27.30%,56.90%,23.00%
Marcelo Huertas,LAL,33,3-Jun,200,None,Brazil,Undrafted,Undrafted,Undrafted,21,2.5,1,2.3,-12.9,0.50%,11.40%,16.10%,42.00%,32.70%
Marcin Gortat,WAS,32,11-Jun,240,None,Poland,2005,2,57,51,11.9,11.5,1.6,4.5,10.60%,26.30%,14.30%,61.20%,6.60%
Marco Belinelli,CHA,30,5-Jun,210,None,Italy,2007,1,18,46,10.8,2.5,1.9,-2,0.80%,10.00%,18.60%,57.70%,12.20%
Marcus Morris,DET,27,9-Jun,235,Kansas,USA,2011,1,14,51,14.2,4.5,2.1,0.1,3.00%,12.20%,20.00%,51.70%,9.50%
Marcus Smart,BOS,22,4-Jun,220,Oklahoma State,USA,2014,1,6,48,10,3.8,4.7,5.3,3.60%,10.50%,17.90%,47.70%,22.10%
Marcus Thornton,WAS,29,4-Jun,205,Louisiana State,USA,2009,2,43,33,6.6,2.3,1.2,-12.7,4.30%,12.00%,18.90%,49.40%,10.50%
Mario Hezonja,ORL,21,8-Jun,218,None,Croatia,2015,1,5,36,3.5,1.5,0.6,-14.9,2.50%,14.60%,21.80%,43.60%,11.30%
Markieff Morris,WAS,27,10-Jun,245,Kansas,USA,2011,1,13,50,14.4,6.8,1.8,5.8,5.40%,17.90%,21.20%,52.90%,8.00%
Marquese Chriss,PHX,19,10-Jun,233,Washington,USA,2016,1,8,52,7.7,3.4,0.6,-10.5,6.70%,14.60%,20.00%,50.50%,4.70%
Marreese Speights,LAC,29,10-Jun,255,Florida,USA,2008,1,16,52,10.1,4.8,0.9,0.4,8.20%,23.30%,24.50%,60.50%,8.80%
Marshall Plumlee,NYK,24,Jul-00,250,Duke,USA,Undrafted,Undrafted,Undrafted,7,1.3,2.4,0.6,3.2,14.30%,17.60%,7.30%,67.80%,8.00%
Marvin Williams,CHA,30,9-Jun,237,North Carolina,USA,2005,1,2,45,11.2,5.6,1.2,0.4,3.50%,18.40%,17.80%,53.30%,7.10%
Mason Plumlee,POR,26,11-Jun,255,Duke,USA,2013,1,22,52,11.1,7.9,4,0.3,8.70%,23.30%,18.40%,54.70%,20.10%
Matt Barnes,SAC,36,7-Jun,226,UCLA,USA,2002,2,45,49,7.4,5.2,2.7,-5.8,4.50%,19.60%,16.40%,49.00%,16.30%
Matthew Dellavedova,MIL,26,4-Jun,198,Saint Mary's (CA),Australia,Undrafted,Undrafted,Undrafted,45,7.8,2.1,5.4,-3.7,1.60%,7.30%,15.90%,50.20%,28.50%
Maurice Harkless,POR,23,9-Jun,220,St. John's (NY),USA,2012,1,15,48,10.7,4.6,1,1.2,6.00%,11.50%,16.30%,55.60%,4.90%
Maurice Ndour,NYK,24,9-Jun,200,Ohio U.,Senegal,Undrafted,Undrafted,Undrafted,19,2.4,1.4,0.1,-0.9,6.30%,15.50%,14.40%,54.20%,1.10%
Metta World Peace,LAL,37,7-Jun,260,St. John's (NY),USA,1999,1,16,18,1,0.5,0.3,-41.7,3.40%,10.20%,18.60%,28.60%,10.90%
Meyers Leonard,POR,24,1-Jul,255,Illinois,USA,2012,1,11,45,5.5,3.2,0.8,-5.1,2.50%,20.20%,16.90%,49.10%,7.90%
Michael Beasley,MIL,28,10-Jun,235,Kansas State,USA,2008,1,2,42,8.7,3.5,1,-0.9,5.00%,19.30%,24.10%,56.70%,9.60%
Michael Carter-Williams,CHI,25,6-Jun,190,Syracuse,USA,2013,1,11,21,8.8,4.8,2.6,0.1,3.70%,20.20%,21.40%,47.80%,18.10%
Michael Gbinije,DET,24,7-Jun,200,Syracuse,USA,2016,2,49,9,0.4,0.3,0.2,-1.8,5.70%,3.70%,15.70%,18.40%,8.70%
Michael Kidd-Gilchrist,CHA,23,7-Jun,232,Kentucky,USA,2012,1,2,50,9.1,7.4,1.3,2.7,7.30%,19.90%,14.70%,50.70%,6.70%
Mike Conley,MEM,29,1-Jun,175,Ohio State,USA,2007,1,4,42,19,3.7,6.2,4.3,1.80%,11.40%,26.10%,57.60%,32.80%
Mike Dunleavy,ATL,36,9-Jun,230,Duke,USA,2002,1,3,37,5.3,2.3,1,-1.7,2.20%,12.30%,14.30%,56.90%,9.50%
Mike Miller,DEN,36,8-Jun,218,Florida,USA,2000,1,5,11,1.3,1.3,0.7,-9.5,2.20%,27.10%,13.30%,64.30%,17.80%
Mike Muscala,ATL,25,11-Jun,240,Bucknell,USA,2013,2,44,46,7.3,3.7,1.4,-5,7.20%,13.60%,15.10%,60.20%,11.10%
Mike Scott,ATL,28,8-Jun,237,Virginia,USA,2012,2,43,17,2.5,2.2,0.9,-9.4,5.50%,18.20%,16.70%,35.50%,15.00%
Miles Plumlee,CHA,28,11-Jun,249,Duke,USA,2012,1,26,33,2.6,1.8,0.5,-2.8,9.30%,11.30%,14.90%,49.80%,8.20%
Mindaugas Kuzminskas,NYK,27,9-Jun,215,None,Lithuania,Undrafted,Undrafted,Undrafted,46,6,1.9,1,-1.4,5.10%,8.90%,18.30%,53.30%,9.90%
Mirza Teletovic,MIL,31,9-Jun,245,None,Bosnia & Herzegovina,Undrafted,Undrafted,Undrafted,41,7.1,2.5,0.8,5.7,1.60%,14.80%,19.60%,54.00%,6.80%
Monta Ellis,IND,31,3-Jun,185,None,USA,2005,2,40,43,7.7,2.9,3.1,-0.9,0.80%,11.00%,15.90%,50.00%,16.70%
Montrezl Harrell,HOU,23,8-Jun,240,Louisville,USA,2015,2,32,43,9.5,3.9,1.2,7.5,8.80%,12.80%,17.60%,66.20%,9.90%
Myles Turner,IND,20,11-Jun,243,Texas,USA,2015,1,11,50,15.5,7.3,1,5.5,6.10%,19.90%,20.90%,60.30%,5.40%
Nemanja Bjelica,MIN,28,10-Jun,225,None,Serbia,2010,2,35,50,5.8,3.2,1.1,-2.2,4.00%,17.80%,16.60%,52.30%,10.20%
Nene,HOU,34,11-Jun,250,None,Brazil,2002,1,7,45,8.1,3.7,0.9,8.9,7.40%,16.90%,18.70%,63.00%,8.30%
Nerlens Noel,PHI,22,11-Jun,228,Kentucky,USA,2013,1,6,24,8.2,4.8,1,-9.5,9.60%,21.10%,18.10%,62.00%,8.90%
Nick Collison,OKC,36,10-Jun,255,Kansas,USA,2003,1,12,13,1.2,1.2,0.6,-2.1,5.40%,14.90%,8.80%,61.20%,15.40%
Nick Young,LAL,31,7-Jun,210,Southern California,USA,2007,1,16,47,13.9,2.4,1,-4.8,1.80%,7.90%,19.40%,60.40%,5.80%
Nicolas Batum,CHA,28,8-Jun,200,None,France,2008,1,25,48,14.8,7.2,6,1.5,2.30%,20.30%,21.40%,53.30%,27.30%
Nicolas Brussino,DAL,23,8-Jun,215,None,Argentina,Undrafted,Undrafted,Undrafted,34,1.6,1.2,0.6,-2.9,5.00%,17.20%,12.90%,49.10%,13.90%
Nicolas Laprovittola,SAS,27,4-Jun,180,None,Argentina,Undrafted,Undrafted,Undrafted,18,3.3,0.6,1.6,-9.7,0.70%,5.80%,19.00%,57.90%,30.10%
Nik Stauskas,PHI,23,6-Jun,205,Michigan,Canada,2014,1,8,49,8.7,2.5,2.1,-7.3,0.90%,9.30%,15.40%,54.00%,12.20%
Nikola Jokic,DEN,21,10-Jun,250,None,Serbia,2014,2,41,44,15.5,8.4,4.2,4.3,12.50%,24.60%,22.60%,65.30%,25.20%
Nikola Mirotic,CHI,25,10-Jun,238,None,Montenegro,2011,1,23,46,9.1,5.2,0.8,2.2,3.60%,21.40%,19.30%,50.80%,6.00%
Nikola Vucevic,ORL,26,Jul-00,260,Southern California,Montenegro,2011,1,16,50,14,9.7,2.9,-4.6,8.00%,29.70%,24.20%,49.80%,17.30%
Noah Vonleh,POR,21,9-Jun,245,Indiana,USA,2014,1,9,44,3.4,3.9,0.2,-10.8,11.00%,22.40%,15.20%,46.50%,2.80%
Norman Powell,TOR,23,4-Jun,215,UCLA,USA,2015,2,46,49,7.3,2,1,6,2.10%,10.70%,18.90%,55.00%,8.50%
Okaro White,MIA,24,8-Jun,204,Florida State,USA,Undrafted,Undrafted,Undrafted,10,4,2.4,0.4,10,3.20%,14.40%,11.00%,67.80%,3.60%
Omer Asik,NOP,30,Jul-00,255,None,Turkey,2008,2,36,30,2.8,5.4,0.5,-4.5,10.20%,25.20%,8.80%,51.70%,4.50%
Omri Casspi,SAC,28,9-Jun,225,None,Israel,2009,1,23,22,5.9,4.1,1.2,-1.6,5.60%,20.60%,16.00%,51.10%,10.20%
Otto Porter,WAS,23,8-Jun,198,Georgetown,USA,2013,1,3,51,14.4,6.6,1.6,4.4,4.20%,17.70%,15.20%,64.90%,6.80%
PJ Tucker,PHX,31,6-Jun,245,Texas,USA,2006,2,35,52,7,5.8,1.3,-4.9,5.50%,17.50%,11.30%,52.10%,6.40%
Pascal Siakam,TOR,22,9-Jun,230,New Mexico State,Cameroon,2016,1,27,46,4.5,3.5,0.3,-1.6,8.00%,16.00%,12.90%,52.50%,2.80%
Pat Connaughton,POR,24,5-Jun,210,Notre Dame,USA,2015,2,41,24,1.7,0.8,0.5,-4.9,3.80%,10.30%,10.20%,66.90%,11.10%
Patrick Beverley,HOU,28,1-Jun,185,Arkansas,USA,2009,2,42,40,9.2,5.8,4.4,5.9,4.80%,15.80%,13.50%,54.50%,19.10%
Patrick McCaw,GSW,21,7-Jun,185,Nevada-Las Vegas,USA,2016,2,38,41,3.1,1,0.9,-2,2.00%,7.20%,12.60%,51.60%,10.30%
Patrick Patterson,TOR,27,9-Jun,235,Kentucky,USA,2010,1,14,40,7.2,5.5,1.4,13.6,4.90%,17.30%,12.30%,52.20%,7.00%
Patty Mills,SAS,28,Jun-00,185,Saint Mary's (CA),Australia,2009,2,55,50,9.9,1.9,3.3,14,1.70%,8.00%,19.70%,59.50%,22.80%
Pau Gasol,SAS,36,Jul-00,250,None,Spain,2001,1,3,39,11.7,7.9,2.7,6.5,6.80%,27.40%,20.70%,55.80%,15.50%
Paul George,IND,26,9-Jun,220,Fresno State,USA,2010,1,10,44,22.5,6.1,3.3,4.4,2.80%,16.00%,28.30%,57.50%,15.30%
Paul Millsap,ATL,31,8-Jun,246,Louisiana Tech,USA,2006,2,47,49,17.8,8,3.8,2.7,5.70%,20.10%,24.40%,53.20%,17.90%
Paul Pierce,LAC,39,7-Jun,235,Kansas,USA,1998,1,10,13,3.7,1.4,0.2,-3.1,0.00%,11.70%,15.60%,52.90%,1.80%
Paul Zipser,CHI,22,8-Jun,210,None,Germany,2016,2,48,22,4.3,2.2,0.5,2.2,2.30%,13.40%,15.20%,47.00%,4.30%
Pierre Jackson,DAL,25,10-May,180,Baylor,USA,2013,2,42,8,4.4,1.1,2.4,31.7,1.10%,11.10%,23.20%,41.60%,32.20%
Quincy Acy,BKN,26,7-Jun,240,Baylor,USA,2012,2,37,18,5.1,2.2,0.1,-11.7,8.80%,17.10%,19.30%,61.70%,1.70%
RJ Hunter,CHI,23,5-Jun,185,Georgia State,USA,2015,1,28,3,0,0.3,0,-57.8,0.00%,7.70%,4.20%,0.00%,0.00%
Rajon Rondo,CHI,30,1-Jun,186,Kentucky,USA,2006,1,21,43,6.4,5.3,6.6,-0.9,3.60%,17.80%,16.40%,40.60%,34.50%
Rakeem Christmas,IND,25,9-Jun,250,Syracuse,USA,2015,2,36,5,1.6,1,0.2,-11.6,9.50%,16.70%,18.60%,48.80%,7.70%
Ramon Sessions,CHA,30,3-Jun,190,Nevada,USA,2007,2,56,50,6.2,1.5,2.6,-4.8,1.50%,7.80%,19.70%,49.50%,24.00%
Randy Foye,BKN,33,4-Jun,218,Villanova,USA,2006,1,7,38,5.2,2.4,2.2,-9.4,0.90%,13.20%,15.30%,49.20%,17.20%
Rashad Vaughn,MIL,20,6-Jun,202,UNLV,USA,2015,1,17,21,3.9,1.2,0.4,-4.4,0.40%,11.40%,17.30%,47.20%,5.60%
Raul Neto,UTA,24,1-Jun,179,None,Brazil,2013,2,47,26,2.3,0.7,0.8,12.2,0.60%,10.30%,16.00%,50.60%,14.80%
Raymond Felton,LAC,32,1-Jun,205,North Carolina,USA,2005,1,5,50,7.9,2.9,2.6,-3.7,2.30%,11.50%,17.60%,51.40%,18.00%
Reggie Bullock,DET,25,7-Jun,205,North Carolina,USA,2013,1,25,13,5.2,2.2,0.8,-7.7,2.90%,10.70%,15.00%,52.50%,8.60%
Reggie Jackson,DET,26,3-Jun,208,Boston College,Italy,2011,1,24,31,16,2.5,5.5,-7.3,1.80%,8.10%,27.50%,51.90%,30.60%
Reggie Williams,NOP,30,6-Jun,205,Virginia Military Institute,USA,Undrafted,Undrafted,Undrafted,5,5,1.2,0.8,-11.3,2.60%,7.30%,14.40%,54.20%,10.30%
Richard Jefferson,CLE,36,7-Jun,233,Arizona,USA,2001,1,13,49,5.3,2.4,0.9,4.2,2.10%,11.30%,12.30%,53.90%,6.50%
Richaun Holmes,PHI,23,10-Jun,245,Bowling Green,USA,2015,2,37,29,6.8,4.3,0.8,-7.9,10.00%,19.30%,19.00%,56.70%,8.30%
Ricky Rubio,MIN,26,4-Jun,190,None,Spain,2009,1,5,46,8.8,3.8,8.2,-3.5,3.50%,10.20%,14.70%,53.40%,35.50%
Robert Covington,PHI,26,9-Jun,215,Tennessee State,USA,Undrafted,Undrafted,Undrafted,45,11.3,6,1.6,-3.9,4.80%,16.50%,18.30%,50.90%,8.00%
Robin Lopez,CHI,28,Jul-00,255,Stanford,USA,2008,1,15,52,9.6,6.9,0.9,-0.7,12.30%,13.60%,15.80%,51.30%,4.70%
Rodney Hood,UTA,24,8-Jun,206,Duke,USA,2014,1,23,40,13.7,3.6,1.9,7.8,1.20%,12.50%,23.40%,52.80%,11.10%
Rodney McGruder,MIA,25,4-Jun,205,Kansas State,USA,Undrafted,Undrafted,Undrafted,48,6,3.4,1.5,-1.6,5.70%,9.10%,11.60%,49.70%,7.90%
Rodney Stuckey,IND,30,5-Jun,205,Eastern Washington,USA,2007,1,15,19,9,2.5,1.9,-3.6,0.90%,13.00%,22.90%,53.50%,16.70%
Ron Baker,NYK,23,4-Jun,220,Wichita State,USA,Undrafted,Undrafted,Undrafted,26,3.3,1.5,1,1.2,2.10%,12.30%,16.10%,46.70%,14.40%
Rondae Hollis-Jefferson,BKN,22,7-Jun,214,Arizona,USA,2015,1,23,47,7.9,4.9,2,-7.6,3.80%,19.60%,18.50%,50.70%,14.20%
Roy Hibbert,MIL,30,2-Jul,270,Georgetown,USA,2008,1,17,42,5.2,3.6,0.5,0.4,8.50%,14.10%,13.80%,61.30%,4.60%
Rudy Gay,SAC,30,8-Jun,230,Connecticut,USA,2006,1,8,30,18.7,6.3,2.8,1.7,3.90%,17.60%,25.10%,55.90%,14.00%
Rudy Gobert,UTA,24,1-Jul,245,None,France,2013,1,27,52,13,12.5,1,8.1,13.50%,28.20%,15.80%,68.20%,4.70%
Russell Westbrook,OKC,28,3-Jun,200,UCLA,USA,2008,1,4,53,30.9,10.5,10.2,4,5.90%,26.30%,41.10%,54.20%,53.90%
Ryan Anderson,HOU,28,10-Jun,240,California,USA,2008,1,21,51,13.8,5.1,0.9,7.1,5.80%,12.70%,17.60%,58.50%,4.40%
Ryan Kelly,ATL,25,11-Jun,230,Duke,USA,2013,2,48,9,1.1,1.1,0.6,18.5,0.00%,20.80%,12.50%,46.00%,15.60%
Salah Mejri,DAL,30,2-Jul,245,None,Tunisia,Undrafted,Undrafted,Undrafted,45,2.7,4.4,0.2,-1.8,11.70%,29.00%,9.60%,67.70%,2.70%
Sam Dekker,HOU,22,9-Jun,230,Wisconsin,USA,2015,1,18,54,7.3,4,1.1,1.9,7.90%,14.60%,16.10%,55.10%,8.30%
Sasha Vujacic,NYK,32,7-Jun,195,None,Slovenia,2004,1,27,28,2.3,1.2,0.8,3.9,1.40%,12.70%,15.00%,46.00%,15.00%
Sean Kilpatrick,BKN,27,4-Jun,219,Cincinnati,USA,Undrafted,Undrafted,Undrafted,50,14,4.1,2.4,-8.5,1.20%,14.80%,23.90%,55.00%,14.60%
Semaj Christon,OKC,24,3-Jun,190,Xavier,USA,2014,2,55,38,3.2,1.4,2.4,-7.3,2.60%,8.80%,14.50%,38.10%,23.60%
Serge Ibaka,ORL,27,10-Jun,235,None,Congo,2008,1,24,52,14.9,6.9,1.1,-4.8,6.20%,19.40%,21.10%,56.40%,5.70%
Sergio Rodriguez,PHI,30,3-Jun,176,None,Spain,2006,1,27,46,8.3,2.5,5.2,-8.1,1.50%,10.50%,19.80%,49.00%,35.70%
Seth Curry,DAL,26,2-Jun,185,Duke,USA,Undrafted,Undrafted,Undrafted,47,11.7,2.5,2.6,0.4,1.70%,9.50%,19.60%,57.70%,15.80%
Shabazz Muhammad,MIN,24,6-Jun,223,UCLA,USA,2013,1,14,48,9.1,3,0.4,0,6.10%,11.20%,19.60%,56.40%,3.40%
Shabazz Napier,POR,25,1-Jun,175,Connecticut,USA,2014,1,24,30,3.3,0.7,0.9,2.1,1.00%,10.00%,23.90%,51.00%,19.10%
Shaun Livingston,GSW,31,7-Jun,192,None,USA,2004,1,4,47,5.4,2,1.7,3.8,2.80%,9.70%,14.10%,58.20%,14.10%
Sheldon McClellan,WAS,24,6-Jun,200,Miami (Fla.),USA,Undrafted,Undrafted,Undrafted,23,3,1.3,0.7,-8,1.70%,11.30%,13.60%,48.40%,9.10%
Shelvin Mack,UTA,26,3-Jun,203,Butler,USA,2011,2,34,43,7.7,2.1,2.8,0.4,1.90%,9.00%,19.90%,51.20%,21.10%
Skal Labissiere,SAC,20,11-Jun,225,Kentucky,Haiti,2016,1,28,6,3,2,0,15,19.40%,12.20%,18.30%,60.20%,0.00%
Solomon Hill,NOP,25,7-Jun,225,Arizona,USA,2013,1,23,50,6.3,3.7,1.7,0.1,2.10%,11.80%,11.10%,51.90%,8.30%
Spencer Dinwiddie,BKN,23,6-Jun,200,Colorado,USA,2014,2,38,28,6.5,2.6,2.6,-10.3,1.80%,11.60%,14.70%,56.00%,18.90%
Spencer Hawes,MIL,28,1-Jul,245,Washington,USA,2007,1,10,35,7.3,4.2,1.8,-10.2,5.50%,20.20%,19.30%,54.50%,16.80%
Stanley Johnson,DET,20,7-Jun,245,Arizona,USA,2015,1,8,48,4.1,2.4,1.3,-2.7,3.20%,13.20%,13.80%,47.10%,11.50%
Stephen Curry,GSW,28,3-Jun,190,Davidson,USA,2009,1,7,50,25.6,4.3,6.4,16.8,2.00%,11.30%,28.40%,63.90%,27.20%
Stephen Zimmerman,ORL,20,Jul-00,240,Nevada-Las Vegas,USA,2016,2,41,8,1.3,1.8,0.1,-9.1,11.40%,40.00%,16.40%,43.70%,5.00%
Steve Novak,MIL,33,10-Jun,225,Marquette,USA,2006,2,32,8,0.6,0.4,0,-1.6,0.00%,14.30%,16.90%,35.70%,0.00%
Steven Adams,OKC,23,Jul-00,255,Pittsburgh,New Zealand,2013,1,12,51,12.1,7.9,1.2,4.2,11.90%,15.60%,16.50%,60.50%,5.80%
TJ McConnell,PHI,24,2-Jun,200,Arizona,USA,Undrafted,Undrafted,Undrafted,50,5.9,3,6,-5,1.80%,11.30%,13.90%,50.20%,37.10%
TJ Warren,PHX,23,8-Jun,225,North Carolina State,USA,2014,1,14,39,13.3,3.9,1,-5.5,6.20%,8.30%,19.80%,50.60%,5.20%
Taj Gibson,CHI,31,9-Jun,236,Southern California,USA,2009,1,26,50,11.7,7,1.1,0.5,8.50%,18.70%,19.10%,54.50%,6.50%
Tarik Black,LAL,25,9-Jun,250,Kansas,USA,Undrafted,Undrafted,Undrafted,42,6,5.5,0.6,1.6,15.00%,21.00%,15.80%,56.30%,5.40%
Taurean Prince,ATL,22,8-Jun,220,Baylor,USA,2016,1,12,31,3.3,1.8,0.7,-1.6,2.20%,17.40%,18.20%,50.10%,11.70%
Terrence Jones,NOP,25,9-Jun,255,Kentucky,USA,2012,1,18,50,11.3,5.9,1.2,-0.9,5.30%,20.20%,21.50%,51.50%,7.50%
Terrence Ross,TOR,26,7-Jun,195,Washington,USA,2012,1,8,52,10.4,2.6,0.8,8.1,1.30%,11.50%,19.50%,55.70%,5.30%
Terry Rozier,BOS,22,2-Jun,190,Louisville,USA,2015,1,16,46,5.6,3.1,1.6,0.6,3.30%,15.60%,16.10%,47.90%,14.00%
Thabo Sefolosha,ATL,32,7-Jun,220,None,Switzerland,2006,1,13,44,7.6,4.3,1.6,1,3.40%,14.80%,13.70%,53.20%,8.90%
Thaddeus Young,IND,28,8-Jun,221,Georgia Tech,USA,2007,1,12,49,11.5,6.1,1.7,1.5,5.60%,15.70%,16.60%,57.30%,8.00%
Thomas Robinson,LAL,25,10-Jun,237,Kansas,USA,2012,1,5,34,3.9,4.4,0.7,-14.3,16.60%,29.80%,17.40%,51.80%,10.00%
Thon Maker,MIL,19,1-Jul,223,None,South Sudan,2016,1,10,26,2.9,1.2,0.1,0.7,8.90%,18.40%,19.80%,66.40%,2.50%
Tim Frazier,NOP,26,1-Jun,170,None,USA,Undrafted,Undrafted,Undrafted,38,8.9,2.9,6,-3.1,2.20%,10.10%,17.90%,53.10%,35.10%
Tim Hardaway Jr.,ATL,24,6-Jun,205,Michigan,USA,2013,1,24,50,12.6,2.4,2,5.4,1.50%,9.60%,22.40%,55.10%,13.10%
Tim Quarterman,POR,22,6-Jun,190,Louisiana State,USA,Undrafted,Undrafted,Undrafted,12,1.3,0.5,0.6,15.3,6.10%,8.50%,16.70%,80.00%,29.20%
Timofey Mozgov,LAL,30,1-Jul,275,None,Russia,Undrafted,Undrafted,Undrafted,52,7.5,4.9,0.8,-9.6,9.60%,16.00%,17.10%,54.70%,6.10%
Timothe Luwawu-Cabarrot,PHI,21,6-Jun,205,None,France,2016,1,24,38,3.8,1.5,0.7,-9,2.10%,11.50%,16.20%,53.10%,9.50%
Tobias Harris,DET,24,9-Jun,235,Tennessee,USA,2011,1,19,52,16.3,5.1,1.7,-3.7,1.80%,16.50%,21.90%,57.00%,8.20%
Tomas Satoransky,WAS,25,7-Jun,210,None,Czech Republic,2012,2,32,35,3.2,1.8,1.9,3.2,4.30%,9.40%,12.60%,50.20%,19.00%
Toney Douglas,MEM,30,2-Jun,195,Florida State,USA,2009,1,29,10,4.7,2.5,2,8.1,1.30%,17.40%,16.30%,46.10%,19.20%
Tony Allen,MEM,35,4-Jun,213,Oklahoma State,USA,2004,1,25,46,9.3,5.6,1.2,1.7,9.10%,13.60%,17.80%,49.70%,6.90%
Tony Parker,SAS,34,2-Jun,185,None,Belgium,2001,1,28,38,11.1,2,4.6,5.8,1.10%,7.50%,21.20%,52.80%,27.30%
Tony Snell,MIL,25,7-Jun,217,New Mexico,USA,2013,1,20,49,8,3.3,1.2,-0.6,1.20%,11.70%,11.70%,59.40%,5.70%
Treveon Graham,CHA,23,6-Jun,226,Virginia Commonwealth,USA,Undrafted,Undrafted,Undrafted,17,1.5,0.8,0.3,-2.5,2.20%,10.40%,10.20%,63.70%,9.10%
Trevor Ariza,HOU,31,8-Jun,215,UCLA,USA,2004,2,43,54,11.8,5.5,2.2,5.9,2.10%,15.50%,14.20%,55.50%,8.90%
Trevor Booker,BKN,29,8-Jun,228,Clemson,USA,2010,1,23,46,10,8.6,2.2,-10.9,8.60%,25.40%,17.50%,56.00%,14.10%
Trey Burke,WAS,24,1-Jun,191,Michigan,USA,2013,1,9,47,4.8,0.8,1.7,-6.9,1.40%,6.10%,20.00%,51.90%,21.70%
Trey Lyles,UTA,21,10-Jun,234,Kentucky,Canada,2015,1,12,52,7.6,3.8,1.2,1.3,4.80%,17.80%,21.60%,49.30%,10.40%
Tristan Thompson,CLE,25,9-Jun,238,Texas,Canada,2011,1,4,50,7.9,9.6,0.8,6.4,13.70%,21.50%,11.10%,58.20%,3.80%
Troy Daniels,MEM,25,4-Jun,205,Virginia Commonwealth,USA,Undrafted,Undrafted,Undrafted,39,8.7,1.2,0.7,5.1,1.50%,6.40%,21.60%,54.80%,6.70%
Troy Williams,MEM,22,7-Jun,210,Indiana,USA,Undrafted,Undrafted,Undrafted,24,5.3,1.8,0.8,-6.6,1.60%,10.70%,17.60%,47.70%,7.50%
Ty Lawson,SAC,29,11-May,195,North Carolina,USA,2009,1,18,50,9.1,2.6,4.5,-2.1,3.10%,8.90%,18.80%,53.20%,28.40%
Tyler Ennis,HOU,22,3-Jun,194,Syracuse,Canada,2014,1,18,29,2,0.6,1,-13.7,2.50%,7.20%,20.80%,45.10%,26.10%
Tyler Johnson,MIA,24,4-Jun,186,Fresno State,USA,Undrafted,Undrafted,Undrafted,44,13.8,4.2,3.2,-2.3,2.10%,13.10%,20.40%,52.50%,16.90%
Tyler Ulis,PHX,21,10-May,150,Kentucky,USA,2016,2,34,32,3,0.7,1.1,0.9,2.60%,6.60%,20.80%,43.20%,19.30%
Tyler Zeller,BOS,27,Jul-00,253,North Carolina,USA,2012,1,17,31,4.2,3.1,0.9,4.5,9.40%,16.90%,16.80%,48.00%,11.00%
Tyreke Evans,NOP,27,6-Jun,220,Memphis,USA,2009,1,4,23,9.7,3.2,3.6,-7.4,1.50%,18.80%,28.20%,49.40%,36.10%
Tyson Chandler,PHX,34,1-Jul,240,None,USA,2001,1,2,43,8.7,11.7,0.6,-3.4,12.90%,33.70%,11.30%,71.10%,3.10%
Tyus Jones,MIN,20,2-Jun,195,Duke,USA,2015,1,24,31,3.3,1,2.3,4.7,2.30%,8.40%,13.80%,56.90%,28.90%
Udonis Haslem,MIA,36,8-Jun,235,Florida,USA,Undrafted,Undrafted,Undrafted,15,2.1,2.3,0.4,-22.5,6.40%,24.80%,12.90%,54.20%,9.40%
Victor Oladipo,OKC,24,4-Jun,210,Indiana,USA,2013,1,2,44,16,4.4,2.5,2.3,1.90%,12.00%,20.90%,53.10%,11.80%
Vince Carter,MEM,40,6-Jun,220,North Carolina,USA,1998,1,5,47,8.1,3.3,1.8,5,2.40%,13.20%,15.40%,52.90%,11.50%
Wade Baldwin IV,MEM,20,4-Jun,202,Vanderbilt,USA,2016,1,17,24,3.4,1.4,2,-15,2.50%,9.40%,18.70%,41.30%,27.10%
Wayne Ellington,MIA,29,4-Jun,200,North Carolina,USA,2009,1,28,32,11,1.9,1.4,-0.6,0.90%,7.40%,17.50%,54.50%,7.80%
Wesley Johnson,LAC,29,7-Jun,215,Syracuse,USA,2010,1,4,45,3.1,3.2,0.5,-1.3,4.20%,21.70%,12.60%,45.90%,5.10%
Wesley Matthews,DAL,30,5-Jun,220,Marquette,USA,Undrafted,Undrafted,Undrafted,48,15.2,3.5,2.3,-3.8,0.70%,11.50%,20.80%,54.10%,11.00%
Will Barton,DEN,26,6-Jun,175,Memphis,USA,2012,2,40,37,13.4,4.3,3.2,-4.6,3.50%,13.60%,20.20%,56.40%,17.50%
Willie Cauley-Stein,SAC,23,Jul-00,240,Kentucky,USA,2015,1,6,45,5.2,2.5,0.4,-10.5,8.20%,14.80%,18.90%,57.60%,5.70%
Willie Reed,MIA,26,10-Jun,220,Saint Louis,USA,Undrafted,Undrafted,Undrafted,43,5.5,4.8,0.3,3.8,13.60%,22.10%,15.20%,59.10%,3.70%
Willy Hernangomez,NYK,22,11-Jun,240,None,Spain,2015,2,35,45,6.3,5.7,1,1.6,13.50%,26.00%,18.70%,56.90%,10.80%
Wilson Chandler,DEN,29,8-Jun,225,DePaul,USA,2007,1,23,47,15.4,6.7,2.1,-3,5.40%,19.00%,22.40%,53.20%,10.50%
Yogi Ferrell,DAL,23,Jun-00,180,Indiana,USA,Undrafted,Undrafted,Undrafted,15,9.3,1.7,2.8,-4.4,2.20%,7.00%,20.20%,54.70%,18.90%
Zach LaVine,MIN,21,5-Jun,185,UCLA,USA,2014,1,13,47,18.9,3.4,3,-3.5,1.20%,9.80%,21.80%,57.60%,12.90%
Zach Randolph,MEM,35,9-Jun,260,Michigan State,USA,2001,1,19,47,14.2,8.3,1.7,1.7,10.80%,28.20%,28.30%,49.50%,13.80%
Zaza Pachulia,GSW,32,11-Jun,275,None,Georgia,2003,2,42,44,5.9,6,2,17.7,13.60%,21.80%,14.30%,58.90%,13.10%